source_id,source_type,title,organization,identifier,publication_year,official_url,project_role,public_repo_status,notes
SRC-AR-2011-U1701,assessment_report,Caro Lake Diamond Drilling Program U-17-01,Ontario assessment files,20000006787,2011,https://prd-0420-geoontario-0000-blob-cge0eud7azhvfsf7.z01.azurefd.net/lrc-geology-documents/assessment/20000006787/20009776.pdf,primary_drill_source,reference_only_not_redistributed,"U-17-01 collar, log and assay certificate."
SRC-AR-2011-U1702,assessment_report,Caro Lake Diamond Drilling Program U-17-02,Ontario assessment files,20000007729,2012,https://prd-0420-geoontario-0000-blob-cge0eud7azhvfsf7.z01.azurefd.net/lrc-geology-documents/assessment/20000007729/20011400.pdf,primary_drill_source,reference_only_not_redistributed,Official Ontario assessment report locally preserved for offline evidence audit.
SRC-AR-2012-SEAGULL,assessment_report,Spring Mapping and Fall DDH Programs Seagull North Project 2012,Ontario assessment files,20000009229,2013,https://prd-0420-geoontario-0000-blob-cge0eud7azhvfsf7.z01.azurefd.net/lrc-geology-documents/assessment/20000009229/20014267.pdf,primary_drill_source,reference_only_not_redistributed,"SN12-01 and SN12-02 collars, downhole tests, logs and assay tables."
SRC-AR-2014-DISRAELI,assessment_report,2014 DDH Program Disraeli Lake Project,Ontario assessment files,20000009104,2015,https://prd-0420-geoontario-0000-blob-cge0eud7azhvfsf7.z01.azurefd.net/lrc-geology-documents/assessment/20000009104/20014084.pdf,primary_drill_source,reference_only_not_redistributed,"DL14-001 collar, log, selected sample intervals and BHEM interpretation."
SRC-AR-2014-DISRAELI-ASSAY,assay_certificate,DL14-001 analytical certificates,Ontario assessment files,20000009104,2015,https://prd-0420-geoontario-0000-blob-cge0eud7azhvfsf7.z01.azurefd.net/lrc-geology-documents/assessment/20000009104/20014085.pdf,assay_source,reference_only_not_redistributed,"Image-only, rotated certificate; row-level OCR intentionally deferred."
SRC-AR-2021-DISRAELI,assessment_report,Winter 2021 Palladium One Mining Inc. Disraeli Exploration Program,Ontario assessment files,20000019751,2021,https://prd-0420-geoontario-0000-blob-cge0eud7azhvfsf7.z01.azurefd.net/lrc-geology-documents/assessment/20000019751/20000019751_01.pdf,primary_drill_source,reference_only_not_redistributed,"Five holes; collars, logs, assays, BHEM and program context."
SRC-OGS-MRD308-GEOCHEM,regional_geochemistry,MRD308-REV Midcontinent Rift geochemistry compilation,Ontario Geological Survey,MRD308-REV,2020,https://www.geologyontario.mndm.gov.on.ca/mndmfiles/pub/data/records/MRD308-REV.html,regional_context,reference_only_not_redistributed,Raw OGS workbook used for regional comparison.
SRC-OGS-MRD308-ISOTOPE,regional_isotopes,MRD308-REV Midcontinent Rift isotope compilation,Ontario Geological Survey,MRD308-REV,2020,https://www.geologyontario.mndm.gov.on.ca/mndmfiles/pub/data/records/MRD308-REV.html,regional_context,reference_only_not_redistributed,Regional isotope context.
SRC-ONTARIO-FUTURE-DIGITAL,requested_supplementary_data,Requested original digital drill logs / gyro / analytical exports,Ontario Ministry of Mines / Resident Geologist Program,20000019751; 20000009104; 20000006787; 20000007729,,https://www.geologyontario.mines.gov.on.ca/,future_maintenance_input,not_received_or_not_redistributed,"If received, incorporate through an explicit maintenance release rather than altering frozen historical releases."
